row.ID,Bee,Bird,smiles,NPC.pathway
1018,1,1,C1=NC2=C(N1)C(=O)N=CN2,Alkaloids
10247,1,0,CC(=O)OCC1C(C(C(C(O1)OCC(=O)C2=CC=CC=C2O)OC(=O)C)OC(=O)C)OC3C(C(C(C(O3)COC(=O)C)OC(=O)C)OC(=O)C)OC(=O)C,Shikimates and Phenylpropanoids
1030,0,1,C(C(C(C(C(C=O)N)OC(C(C=O)N)C(C(CO)O)O)O)O)O,Amino acids and Peptides
10321,1,0,C1=C(C=C(C(=C1O)O)O)C2=C(C(=O)C3=C(C=C(C=C3O2)O)O)O,Shikimates and Phenylpropanoids
1037,1,0,C1=C2C(=CC(=O)C1=O)NC3=CC(=O)C(=O)C=C3N2,Alkaloids
10407,6,8,CC(C(C1=CC(=CC=C1)Cl)O)NC(C)(C)C,Alkaloids
106,1,3,NA,Amino acids and Peptides
10761,0,1,C1=CC(=CC=C1C2=CC(=O)C3=C(O2)C=C(C(=C3O)C4C(C(C(C(O4)CO)O)O)O)O)O,Shikimates and Phenylpropanoids
10769,8,9,CC(C(C1=CC(=CC=C1)Cl)O)NC(C)(C)C,Alkaloids
10812,0,1,C1=CC(=CC=C1C2=CC(=O)C3=C(O2)C(=C(C=C3O)O)C4C(C(C(C(O4)CO)O)O)O)O,Shikimates and Phenylpropanoids
10841,6,8,C1=CC=C2C(=C1)C3=CC=C[C]=C3O2,Shikimates and Phenylpropanoids
10907,0,1,C1=CC(=C(C=C1C2=CC(=O)C3=C(C=C(C=C3O2)OC4C(C(C(C(O4)CO)O)O)O)O)O)O,Shikimates and Phenylpropanoids
11039,0,1,CC(=O)NNS(=O)(=O)C,Amino acids and Peptides
11090,1,0,CCCCNC(=O)NCC1=NNN=N1,Alkaloids
11130,0,1,CC1=C2C(=CC(=C1C3C(C(C(C(O3)CO)O)O)OC4C(C(C(C(O4)CO)O)O)O)O)OC(=CC2=O)CC(=O)C,Shikimates and Phenylpropanoids
1127,1,0,CC(C)C(CC(=O)O)CN(C)C,Fatty acids
11779,0,1,CC1=C(C=C(C=C1[N+](=O)[O-])NC(=O)C(C)CN2C(=C(C(=N2)C)[N+](=O)[O-])C)[N+](=O)[O-],Alkaloids
11844,1,0,COC1=C(C=CC(=C1)C=CC(=O)NCCC2=CC=C(C=C2)O)O,Amino acids and Peptides
1196,1,1,CCCC(C(=O)O)NC(C)C,Amino acids and Peptides
11970,0,1,C1=CC=C(C(=C1)COC(=O)C2=CC=CC=C2O)OC3C(C(C(C(O3)CO)O)O)O,Alkaloids
11988,1,0,CC1CC(=O)C23COC(=O)C2=CCCC3C14CC(OC4=O)C5=COC=C5,Terpenoids
11997,1,3,CCOC(=O)CSC1=NN=C(N1N)COC,Alkaloids
122,2,1,C(#N)C(=O)OC#N,Alkaloids
12336,1,0,CC1CC(C23COC(=O)C2=CC(CC3C14CC(OC4=O)C5=COC=C5)O)O,Terpenoids
12399,0,2,C1=CC(=CC=C1C2=CC(=O)C3=C(C=C(C=C3O2)OC4C(C(C(C(O4)C(=O)O)O)O)O)O)O,Shikimates and Phenylpropanoids
12430,0,1,COC1=C(C=C(C=C1)C2CC(=O)C3=C(C=C(C=C3O2)O)O)O,Shikimates and Phenylpropanoids
12837,1,1,C1=CC(=CC=C1C2=CC(=O)C3=C(C=C(C=C3O2)OC4C(C(C(C(O4)C(=O)O)O)O)O)O)O,Shikimates and Phenylpropanoids
13026,1,0,C1=CC(=C(C=C1C2=CC(=O)C3=C(O2)C=C(C(=C3O)O)O)O)O,Shikimates and Phenylpropanoids
13079,1,0,C1=CC(=CC=C1C2=C(C(=O)C3=C(C=C(C=C3O2)O)O)OC4C(C(C(C(O4)CO)O)O)O)O,Shikimates and Phenylpropanoids
133,1,3,CP(=O)P=O,Fatty acids
13307,1,0,COC1=C(C=C2C(=C1O)C(=O)C=C(O2)C3=CC=C(C=C3)O)OC4C(C(C(C(O4)C(=O)O)O)O)O,Shikimates and Phenylpropanoids
13310,0,1,C1CC2(C1CC2)OOOOOOOOOOOO,Carbohydrates
13324,1,0,CN1CCC23CCCCC2C1CC4=C3C=C(C=C4)OC,Alkaloids
13399,1,0,CC1=CCC2(C1)CC=CC2,Terpenoids
13487,1,0,CC1CC(C23COC(=O)C2=CCCC3C14CC(OC4=O)C5=COC=C5)O,Terpenoids
13582,0,1,C1=CC(=C(C=C1C2=CC(=O)C3=C(C=C(C=C3O2)OC4C(C(C(C(O4)COC(=O)CC(=O)O)O)O)O)O)O)O,Shikimates and Phenylpropanoids
13603,0,1,CC1CC(=O)C23COC(=O)C2=CCCC3C14CC(OC4=O)C5=COC=C5,Terpenoids
13617,0,1,CN1C2=C(C(=O)N(C1=O)C)N=C3N2C(=CC4=CC=CC=C43)C5=CC=CC=C5,Alkaloids
13670,1,0,CC1C(C(C(C(O1)OCC2C(C(C(C(O2)OC3=CC(=C4C(=C3)OC(=CC4=O)C5=CC(=C(C=C5)OC)O)O)O)O)O)O)O)O,Shikimates and Phenylpropanoids
13754,1,0,COC1=C(C=C2C(=C1O)C(=O)C=C(O2)C3=CC=C(C=C3)O)OC4C(C(C(C(O4)C(=O)O)O)O)O,Shikimates and Phenylpropanoids
13832,1,0,COC1=CC=C(C=C1)C2=COC3=C(C2=O)C=CC(=C3)OC4C(C(C(C(O4)CO)O)O)O,Carbohydrates
13889,0,1,COC(=O)CCCCCCCC(=O)OC,Fatty acids
1395,4,2,C1CNC2=CC=CC=C21,Alkaloids
1396,3,0,NA,Amino acids and Peptides
14032,0,1,C1=CC(=C(C=C1C2=CC(=O)C3=C(C=C(C=C3O2)OC4C(C(C(C(O4)COC(=O)CC(=O)O)O)O)O)O)O)O,Shikimates and Phenylpropanoids
14039,0,1,CCCP(=O)(C)CCP(=O)(C)C,Alkaloids
14063,1,0,CC1CC(C23COC(=O)C2=CC(CC3C14CC(OC4=O)C5=COC=C5)O)O,Terpenoids
14131,1,0,CC1CC(C23COC(=O)C2=CCCC3C14CC(OC4=O)C5=COC=C5)O,Terpenoids
1415,4,0,C1=CC=C(C=C1)C=CC(=O)O,Shikimates and Phenylpropanoids
1429,8,4,C1CNC2=CC=CC=C21,Alkaloids
14541,1,0,CC12CC(OC(=O)C1=CC(C34C2CCC=C3C(=O)OC4)O)C5=COC=C5,Terpenoids
14554,1,0,C=C1CC2C3(C(C14CC(OC4=O)C5=COC=C5)CCC=C3C(=O)O2)C=O,Terpenoids
14612,2,0,C1CC(C(OC1CNCCO)OC2C(CC(C(C2OC3C(C(C(O3)CO)OC4C(C(C(C(O4)CN)O)O)N)O)O)NC(=O)C5(CC(C5)N)O)N)N,Amino acids and Peptides
14814,0,1,C1=CC=C(C=C1)C2=CC(=O)C3=C(C(=C(C=C3O2)OC4C(C(C(C(O4)C(=O)O)O)O)O)O)O,Shikimates and Phenylpropanoids
14903,1,0,CC1=CC(=O)CC(C1C(CC(C)O)O)(C)C,Terpenoids
1492,2,0,COCC(C(=O)O)NC(=O)CC1=CC=CC=C1OC,Amino acids and Peptides
14942,1,1,CC1CC(C2(C(C13CC(OC3=O)C4=COC=C4)CCCC2=C)COC(=O)C)O,Terpenoids
1495,5,0,C1=CC=C(C=C1)CC(C(=O)O)NCC2(C(C(C(O2)CO)O)O)O,Amino acids and Peptides
15102,0,1,COC1=C(C=CC(=C1)CC2COC(=O)C2C(C3=CC(=C(C=C3)O)OC)O)O,Shikimates and Phenylpropanoids
15108,2,0,C1CC(C(OC1CNCCO)OC2C(CC(C(C2OC3C(C(C(O3)CO)OC4C(C(C(C(O4)CN)O)O)N)O)O)NC(=O)C5(CC(C5)N)O)N)N,Amino acids and Peptides
15393,2,1,CC1=CC(=O)CC(C1(C=CC(=CC(=O)O)C)O)(C)C,Terpenoids
15398,1,0,CC1=CC(=O)CC(C1(C=CC(=CC(=O)O)C)O)(C)C,Terpenoids
15479,1,0,CC1CC(=O)C23COC(=O)C2=CCCC3C14CC(OC4=O)C5=COC=C5,Terpenoids
15500,1,0,CC(C(=O)N)NC(=O)C(C)NC(=O)C(CCC(=O)OCC1=CC=CC=C1)NC(=O)C(C)NC(=O)OCC2=CC=CC=C2,Alkaloids
15580,1,2,CN1C2=C(C=N1)C(=O)N(C(=N2)S(=O)(=O)C)C,Alkaloids
15596,1,0,CC1CC(=O)C2(C(C13CC(OC3=O)C4=COC=C4)CCC5C2(O5)C)C,Terpenoids
15642,2,0,CC1=CC2C(C(CC3=C(C(C1)OC3=O)C)OC(=O)C(=C)C)C(=C)C(=O)O2,Terpenoids
15653,1,0,CC1=CC(=O)CC(C1CCC(=O)C)(C)C,Terpenoids
157,1,0,C(C(C(C(C(CO)O)O)O)O)O,Carbohydrates
15721,0,1,C1=CC(=CC=C1C2=CC(=O)C3=C(C=C(C=C3O2)OC4C(C(C(C(O4)COC(=O)CC(=O)O)O)O)O)O)O,Shikimates and Phenylpropanoids
15833,1,0,CC1CC(C23COC(=O)C2=CCCC3C14CC(OC4=O)C5=COC=C5)O,Terpenoids
15898,1,0,CC1C(C(C(C(O1)OCC2C(C(C(C(O2)OC3=C(OC4=CC(=CC(=C4C3=O)O)OC5C(C(C(C(O5)C)O)O)O)C6=CC=C(C=C6)OC)O)O)O)O)O)O,Shikimates and Phenylpropanoids
15940,0,1,C1=CC(=CC=C1C2=COC3=CC(=CC(=C3C2=O)O)OC4C(C(C(C(O4)COC(=O)CC(=O)O)O)O)O)O,Shikimates and Phenylpropanoids
15978,0,1,C1=CC(=CC=C1C2=CC(=O)C3=C(C=C(C=C3O2)OC4C(C(C(C(O4)COC(=O)CC(=O)O)O)O)O)O)O,Shikimates and Phenylpropanoids
15982,1,0,CC1=CC(=O)CC(C1CCC(=O)C)(C)C,Terpenoids
16021,1,0,CC1=CC(=O)CC(C1)C=C(C)C,Terpenoids
16062,1,0,C=C1CC23COC(=O)C2=CCCC3CC14CC(OC4=O)C5=COC=C5,Terpenoids
16164,1,0,CN1C2=C(C(=O)N(C1=O)C)N(C=N2)CC(=O)NC3=CC(=CC=C3)N(C)O,Amino acids and Peptides
163,1,0,NA,Amino acids and Peptides
16369,1,0,CC12CC(OC(=O)C1=CC(C34C2CCC=C3C(=O)OC4)O)C5=COC=C5,Terpenoids
16590,1,0,CC1=CC(=O)CC(C1CCC(=O)C)(C)C,Terpenoids
16592,1,0,CC=C(C)C(=O)OC1C(C2C(C3C(=CC(=O)C3=C1C)C)OC(=O)C2=C)O,Terpenoids
16609,1,0,C1C2CC(CC3C2C(CC1O)CC(C3)O)O,Terpenoids
16646,1,0,C=C1CC23COC(=O)C2=CCCC3CC14CC(OC4=O)C5=COC=C5,Terpenoids
16719,1,0,C=CCOC(=O)C1CCC(C(C1)C(=O)OCC=C)C(=O)OCC=C,Terpenoids
16720,1,0,CC1C(C(C(C(O1)OCC2C(C(C(C(O2)OC3=C(OC4=CC(=CC(=C4C3=O)O)OC5C(C(C(C(O5)C)O)O)O)C6=CC=C(C=C6)OC)O)O)O)O)O)O,Shikimates and Phenylpropanoids
169,3,2,C(C(C(C(C(CO)O)O)O)O)O,Carbohydrates
16927,2,0,CC1CC(C23COC(=O)C2=CCCC3C14CC(OC4=O)C5=COC=C5)O,Terpenoids
16976,1,0,CC1CC(=O)C(=C(C)C)CC2=C(CCC12)C,Terpenoids
16979,2,0,CC=C(C)C(=O)OC1CC2(C(=O)C=C(O2)C(=CC3C1C(=C)C(=O)O3)C)C,Terpenoids
17068,1,0,CC1=CC(=O)CC(C1CCC(=O)C)(C)C,Terpenoids
171,1,0,CCCP(=O)(O)OP,Fatty acids
17112,1,0,CC1C(C(C(C(O1)OC2=CC(=C3C(=O)CC(OC3=C2)C4=CC=C(C=C4)OC)O)O)O)O,Shikimates and Phenylpropanoids
17264,1,0,CC(=CCC1=C(C=C(C2=C1OC(=O)C=C2)O)OC3C(C(C(C(O3)COC4C(C(C(C(O4)CO)O)O)O)O)O)O)C,Shikimates and Phenylpropanoids
17524,1,0,CC1CC2C34COC(=O)C3(O2)CCCC4C15CC(OC5=O)C6=COC=C6,Terpenoids
17534,0,1,CC1CC(C23COC(=O)C2=CCCC3C14CC(OC4=O)C5=COC=C5)O,Terpenoids
1774,1,0,C1=COC(C2C1C(C3C2(O3)CO)O)OC4C(C(C(C(O4)CO)O)O)O,Terpenoids
1784,1,0,CC(C)(CO)C(C(=O)NCCC(=O)O)O,Fatty acids
17845,1,0,CC1CC(C23COC(=O)C2=CCCC3C14CC(OC4=O)C5=COC=C5)O,Terpenoids
17865,1,0,CC1=COC2=C1C(=O)C(=O)C3=C2CCC4=C3CCCC4(C)C,Terpenoids
17939,1,0,C=C1CC23COC(=O)C2=CCCC3CC14CC(OC4=O)C5=COC=C5,Terpenoids
18091,2,0,CC1=COC2=C1C(=O)C(=O)C3=C2CCC4=C3CCCC4(C)C,Terpenoids
18160,2,0,C=C1CC23COC(=O)C2=CCCC3CC14CC(OC4=O)C5=COC=C5,Terpenoids
1845,1,0,CC(C)(CO)C(C(=O)NCCC(=O)O)O,Fatty acids
18543,2,2,CCNC(=O)CN(C)C1=NC(=NC(=N1)N)OC,Alkaloids
18671,2,2,CCCCCCCCCCN(CCO)CCO,Fatty acids
1873,0,2,CC(=O)NCCOCCOCCOCCN,Amino acids and Peptides
18754,1,0,CCNC(C1=CC=CC=C1)OC(=O)N=[N+](CCCC(C(=O)N)N(C(C)C2=CC=C(C=C2)OC)C(=O)C(C3=CC=CC=C3)C4=CC=CC=C4)C(=O)OCC5=CC=CC=C5,Amino acids and Peptides
18888,1,1,C1=CC(=CC=C1C2=CC(=O)C3=C(C=C(C=C3O2)O)O)O,Shikimates and Phenylpropanoids
18969,1,0,CC12CC(OC(=O)C1=CCC34C2C=CC=C3C(=O)OC4)C5=COC=C5,Terpenoids
19222,2,1,C1=CC(=CC=C1C2=CC(=O)C3=C(C=C(C=C3O2)O)O)O,Shikimates and Phenylpropanoids
19228,1,0,CC1(CCCC2(C1COC2=O)C)C3CC(OC(=O)C3=C)C4=COC=C4,Terpenoids
19372,1,0,C1=CC=C(C=C1)CC(C(=O)NC(CCC(=O)N)C(=O)NC(CC2=CC=C(C=C2)O)C(=O)NCC(=O)NC(CC(=O)N)C(=O)NC(CCCN=C(N)N)C(=O)O)N,Amino acids and Peptides
1947,2,0,C1=CC=C2C(=C1)C(=CN2)C=CC(=O)O,Alkaloids
1949,2,1,C1=CC=C2C(=C1)C=C(N2)C=CC(=O)O,Alkaloids
19508,1,0,CC1CC2C3=C(C14CC(OC4=O)C5=COC=C5)CCCC3(C(=O)O2)C,Terpenoids
19582,1,0,CC12CC(OC(=O)C1CCC34C25C(O5)C=CC3C(=O)OC4)C6=COC=C6,Terpenoids
19584,2,1,C1=CC(=CC=C1C2=CC(=O)C3=C(C=C(C=C3O2)O)O)O,Shikimates and Phenylpropanoids
19653,1,0,C=C1CC23COC(=O)C2=CCCC3CC14CC(OC4=O)C5=COC=C5,Terpenoids
19656,1,0,COC1=C(C2=C(C=C1O)OC(=CC2=O)C3=CC=C(C=C3)O)O,Shikimates and Phenylpropanoids
19731,1,0,CC1=C2C(C(C3C2(C4CCC3(C(=O)O4)C)C)OC(=O)C)C(OC1=O)C5=COC=C5,Terpenoids
19750,2,0,C1=CC=C(C=C1)CC(C(=O)NC(CCC(=O)N)C(=O)NC(CC2=CC=C(C=C2)O)C(=O)NCC(=O)NC(CC(=O)N)C(=O)NC(CCCN=C(N)N)C(=O)O)N,Amino acids and Peptides
19753,3,1,C(CCCCCC(=O)O)CCCCC(=O)N,Fatty acids
19756,1,0,CC(=O)OC1CC2C(=O)OC(CC2(C3C14COC(=O)C4C=CC3)C)C5=COC=C5,Terpenoids
1989,4,1,C1=CC=C2C(=C1)C=C(N2)C=CC(=O)O,Alkaloids
1992,3,0,C1=CC=C2C(=C1)C(=CN2)C=CC(=O)O,Alkaloids
19928,1,0,C=C1CC23COC(=O)C2=CCCC3CC14CC(OC4=O)C5=COC=C5,Terpenoids
1995,1,0,C1=CC=C2C(=C1)C(=CN2)C=O,Alkaloids
20115,0,1,CC(CCC(=O)O)C(C)C(C)C1=CC=C(C=C1)O,Terpenoids
20212,1,0,CC1CC(C23COC(=O)C2=CCCC3C14CC(OC4=O)C5=COC=C5)OC(=O)C,Terpenoids
20221,1,0,CC1CC(C23COC(=O)C2=CCCC3C14CC(OC4=O)C5=COC=C5)OC(=O)C,Terpenoids
2028,0,1,CC(=O)NCCOCCOCCOCCN,Amino acids and Peptides
20300,0,1,COC1=C(C(=C2C(=C1)OC(=CC2=O)C3=CC=CC=C3)O)O,Shikimates and Phenylpropanoids
20344,1,0,CC1CC2C34COC(=O)C3(O2)CCCC4C15CC(OC5=O)C6=COC=C6,Terpenoids
2046,1,0,C1=CC=C2C(=C1)C=C(N2)C=CC(=O)O,Alkaloids
2048,1,0,C1=CC=C2C(=C1)C(=CN2)C=CC(=O)O,Alkaloids
2061,2,1,C1=CC=C2C(=C1)C=C(N2)C=CC(=O)O,Alkaloids
20648,0,1,C1=CC=C(C=C1)C2=CC(=O)C3=C(O2)C=C(C(=C3O)O)O,Shikimates and Phenylpropanoids
2080,0,1,C1=CC=C(C=C1)COP(=O)(OC2=NC=NN2)OC3=NC=NN3,Alkaloids
2085,2,0,C1=CC=C2C(=C1)C(=CN2)C=O,Alkaloids
2088,0,1,CC1(C2C(C(C1O)O)C(=COC2O)C(=O)OC)O,Terpenoids
2091,0,1,CC1(C2C(C(C1O)O)C(=COC2O)C(=O)OC)O,Terpenoids
2094,4,0,C1=CC=C2C(=C1)C(=CN2)C=CC(=O)O,Alkaloids
2095,3,2,C1=CC=C2C(=C1)C(=CN2)C=CC(=O)O,Alkaloids
20998,1,1,CCNC1=NC(=NC(=N1)OC)NCC(=O)NCC,Amino acids and Peptides
21032,1,0,CC=C(C)C(=O)OC1CC(=C)CC(=O)C=C(C(C2C1C(=C)C(=O)O2)O)C,Terpenoids
21092,1,0,CC(=O)OCC1C(C(C(C(O1)OC2=CC=C(C=C2)C3=CN=CC=C3)OC(=O)C)OC(=O)C)OC(=O)C,Alkaloids
21200,2,1,C1=CC(=CC=C1C2=CC=C(C=C2)OC(=O)C3=CC=C(C=C3)O)O,Shikimates and Phenylpropanoids
21222,0,1,CC12CCCC(C1CCC3=CC(=O)CCC23)(C)C(=O)O,Terpenoids
21279,1,0,C1CC(N(C1)C(=O)CNC(=O)C(CCC(=O)N)NC(=O)OCC2=CC=CC=C2)C(=O)NC3=CC4=CC=CC=C4C=C3,Amino acids and Peptides
21322,1,0,CC(C)C1=C(C2=C(C(=O)C1=O)C3(CCCC(C3CC2)(C)C)C(=O)O)O,Terpenoids
21348,0,1,CCCCC(=O)CCCCC(=O)OC,Fatty acids
2140,0,1,CC(=O)NCCOCCOCCOCCN,Amino acids and Peptides
21531,2,1,C(CCCCCC#N)CCCCCC(=O)O,Fatty acids
2154,0,1,CS(=O)(=O)OCC1C(C(C(O1)N2C=NC(=NC2=O)N)O)O,Amino acids and Peptides
216,0,1,CCCCCCCCCCCCSCCCCCCCCCC,Fatty acids
2163,0,1,CC1(C2C(C(C1O)O)C(=COC2O)C(=O)OC)O,Terpenoids
2170,0,1,CC1(C2C(C(C1O)O)C(=COC2O)C(=O)OC)O,Terpenoids
21755,1,0,CC(C)C(=CC1=C(C23CCCC(C2CC1OC3=O)(C)C)C(=O)O)C(=O)O,Terpenoids
21862,2,1,CCCCC(=O)CCCCCCCC(=O)OC,Fatty acids
21913,2,2,CCCCCCCCC=CC=CC(=O)O,Terpenoids
21916,2,2,CC(=O)CCCCCCCCCCC(=O)O,Fatty acids
21975,0,1,CC(=CCCC(=CCOC1C(C(C(C(O1)COC(=O)CC(=O)O)O)O)O)C)C,Terpenoids
2214,1,1,CC(=O)NCCOCCOCCOCCN,Amino acids and Peptides
2249,1,1,CC1(CC(C2(C1C(OC=C2)OC3C(C(C(C(O3)CO)O)O)O)O)O)O,Terpenoids
22850,3,2,CCCCCCCCCCCCN(CCO)CCO,Fatty acids
2286,0,1,C(C1C(C(C(C(O1)OC(CO)C(C(C(C=O)O)O)O)O)O)O)O,Carbohydrates
22906,0,3,CC1(C2CC(CCC(C2CC1O)(CO)O)C(C)(C)OC3C(C4C(C(O3)CO4)O)O)O,Polyketides
2296,1,0,CC1(CC(C2(C1C(OC=C2)OC3C(C(C(C(O3)CO)O)O)O)O)O)O,Terpenoids
22984,0,1,C(C(COC(C=O)[C]=O)O)O,Fatty acids
23022,1,3,CCCCCCCCC#CC#CCCCCCCCCC(=O)N,Fatty acids
23062,2,3,CCC(CS(=O)CCCSCC)N,Fatty acids
23152,1,0,CCCCCCCCCCCCCCNO,Fatty acids
23206,2,1,CCCCCCCCCNC(=O)CCC(C(=O)O)NC(=O)NC(CCC(=O)O)C(=O)O,Alkaloids
23273,1,1,CCCCCCCCCCCCNC(CO)(CO)CO,Fatty acids
23328,1,0,COC1=C(C2=C(C=C1O)OC(=CC2=O)C3=CC=CC=C3)O,Shikimates and Phenylpropanoids
23349,0,1,C1=CC=C(C=C1)C2=CC(=O)C3=C(C=C(C=C3O2)O)O,Shikimates and Phenylpropanoids
23360,1,0,CC1=C2CC(=O)C3(CCC4C(C3C(C(C2(C)C)(CC1O)O)OC(=O)C5=CC=CC=C5)(CO4)O)C,Terpenoids
23374,2,0,CC(=CC(=O)OC)[O],Fatty acids
23398,1,0,NA,Alkaloids
23424,1,3,CCCCCC(C(CC=CCCC(CCCCC(=O)O)O)O)O,Fatty acids
2344,1,0,CC1(CC(C2(C1C(OC=C2)OC3C(C(C(C(O3)CO)O)O)O)O)O)O,Terpenoids
23566,1,0,C#CCCCCCCCCCCCCCC(=O)O,Terpenoids
23567,1,0,C#CCCCCCCCCCCCCCC(=O)O,Fatty acids
23568,1,0,C(CCCCO)CCCC(CCCCCCC(=O)O)O,Fatty acids
23569,1,0,CCCCCC(CCCCCCCC(CC(=O)O)O)O,Fatty acids
2359,0,1,CC(=O)NCC1=NC2=CC=CC=C2N1CC(=O)NCC3=CC=CS3,Carbohydrates
2392,1,2,C(C1C(C(C(C(O1)O)O)OC2C(C(C(C(O2)CO)O)O)O)O)O,Carbohydrates
23924,1,2,C(CCOCCOCCOCCOCCON)CCON,Fatty acids
23927,0,2,C(CCCO)CCNC1=NC(=NC(=N1)N)N,Alkaloids
23929,1,0,C(CCCC(CCCCCCCO)O)CCCC(=O)O,Fatty acids
23930,1,1,C(CCCCC(=O)O)CCCC(CCCCCCO)O,Fatty acids
2394,0,1,C(C1C(C(C(C(O1)OC2(C(C(C(O2)CO)O)O)CO)O)O)O)O,Carbohydrates
23968,1,0,CCCCCCCCCCCCCN,Fatty acids
23973,0,2,CN1C2=C(C(=O)N(C1=O)C)NC(=N2)NCCCN,Alkaloids
23993,1,0,CC1=CCCC2=CC(CC(=CC3C(CC1)C(=C)C(=O)O3)C)OC2=O,Terpenoids
24150,1,0,CC1C(C(C(C(O1)OC2CCCCC2)OC(=O)C3=CC=CC=C3)OC4C(C(C(CO4)OC(=O)C)OC(=O)C)OC(=O)C)N=[N+]=[N-],Alkaloids
24196,1,0,CC(C(C)OC)C(C(C)C(CCO)OC(=O)C1=CC=CC=C1)OC(=O)C2=CC=CC=C2,Terpenoids
2421,1,0,CCC(C(=O)O)NC(C)C(=O)C1=CC=CC=C1,Amino acids and Peptides
24313,2,1,CCCCCCCCCCCC(=O)NCCC[N+](C)(C)O,Fatty acids
24326,1,0,CCCCCCCCCCCC(=O)NCC=C,Fatty acids
2433,4,2,NA,Amino acids and Peptides
24343,0,2,CCCCCCCCCC(=O)N,Fatty acids
24559,1,0,C(CCCC(C(CCCCOCCCCO)O)O)CCCC(=O)O,Fatty acids
24630,1,0,C1=CC=C(C=C1)CC2(C(C(C(C(C2O)OCC3=CC=CC=C3)O)OCC4=CC=CC=C4)O)O,Terpenoids
24631,1,0,CC(=O)OC1CC2C(C(=O)C(=CC2(C3C1(C(=O)C(CC3OC(=O)C4=CC=CC=C4)(C)C=C)O)C)O)(C)C,Terpenoids
24645,0,1,[CH]=CC(=O)OCC(=O)O,Polyketides
24669,1,0,CNC(=O)C1=CC(=CC(=C1)CNC(=O)C2=NC(=CC=C2)C(=O)NCC3=CC(=CC(=C3)C(=O)NC)C(=O)NC)C(=O)NC,Alkaloids
2473,0,1,NA,Amino acids and Peptides
2478,0,1,NA,Carbohydrates
24799,2,1,CCCCCCC(=O)NCCCCCC(=O)OC,Fatty acids
2480,5,5,C(C1C(C(C(C(O1)O)O)OC2C(C(C(C(O2)CO)O)O)O)O)O,Carbohydrates
2495,2,2,NA,Amino acids and Peptides
25055,1,0,CC1=C2C(C(=O)C3(C(CC4C(C3C(C(C2(C)C)(CC1O)O)OC(=O)C5=CC=CC=C5)(CO4)OC(=O)C)O)C)C(=O)C,Terpenoids
25059,1,0,CC1=C2C(C(C34CC3CC5C(C4C(C(C2(C)C)(CC1O)O)OC(=O)C6=CC=CC=C6)(CO5)OC(=O)C)O)OC(=O)C,Terpenoids
25064,0,1,CC1(CCC(C(C1CCC#C)(C)C(=O)O)O)C,Terpenoids
25073,1,0,CC1=C2C(C(=O)C3(C(CC4C(C3C(C(C2(C)C)CC1O)OC(=O)C5=CC=CC=C5)(CO4)OC(=O)C)O)C)OC(=O)C,Terpenoids
25090,0,1,CCCCCCCCCCCCN(CCO)CCO,Fatty acids
25134,2,1,CCCCCCCCCCCC[N+](C)(C)CC1=CC=CC=C1,Alkaloids
25156,0,2,C(CCCCCCCO)CCCCCCN=C=O,Fatty acids
25355,1,0,CN1C2=C(C(=C1C(=O)NC3CCN(CC3)C4=CC=CC=C4C#N)OC)C(=O)N(C5=CC=CC=C52)CC(=O)C6=CC=CC=C6,Alkaloids
2540,1,1,C(C(=O)OC(=O)C(C(C(=O)O)O)O)C(=O)OC(=O)C(C(C(=O)O)O)O,Carbohydrates
2548,0,1,CC(=O)CCC(C(=O)N)NC(=O)CCC1=CC=CC=C1,Amino acids and Peptides
25494,1,0,C1CN(CCN1C2=C(C=CC=N2)N)C(=O)C3=NC=C(C=C3)C(=O)NCCN4CCOCC4,Polyketides
25642,0,3,CCCCCCCCCCCCCCNCCO,Fatty acids
25669,1,0,CN1CCN(CC1)C2=C(C=C(C=C2)NC3=NC=C4C(=N3)N=C5C6=CC=CC=C6N(N5C4=O)C7=NC=CC=N7)C(=O)N(C)C,Alkaloids
2574,0,1,CC(=O)OCC(C(CC(C#N)OC(=O)C)OC(=O)C)OC(=O)C,Alkaloids
25765,1,0,CC1=CCCC2C1(C(C(C(C2(C)C(CC3=C(C(=O)OC3)O)OC(=O)C)(C)O)OC(=O)C4=CC=CC=C4)OC(=O)C5=CN=CC=C5)C,Terpenoids
2578,1,4,C(C1C(C(C(C(O1)O)O)OC2C(C(C(C(O2)CO)O)O)O)O)O,Carbohydrates
25819,0,1,CCCCCCOCCOCCOCCOCCOCCOC,Alkaloids
25943,2,2,CCCCNC(=O)CCCCCCCC=CC,Fatty acids
25944,3,2,CCCCCCCCCCCC(=O)NCCC[N+](C)(C)CC(=O)O,Fatty acids
25965,0,1,CCCCCCCCCCCCCCN(CCO)CCO,Fatty acids
2597,0,1,CN(C)OP(=O)(N)N,Amino acids and Peptides
25986,0,1,CC1=CCCC2C1(C(C(C3(C2(C(CC4(O3)COC(=O)C4O)OC(=O)C5=CN=CC=C5)C)C)O)OC(=O)C6=CC=CC=C6)C,Terpenoids
26008,0,1,CCCCCCCCCCCC(=O)OCCN(C)C,Fatty acids
26140,0,1,CC(C(=O)O)NC(=O)C(CC1=CNC2=CC=CC=C21)NC(=O)C(CC3=CC=CC=C3)NC(=O)C(CC4=CN=CN4)N,Alkaloids
26314,1,0,C1=CC=C(C=C1)OP(=O)(OC2=CC=CC=C2)OC3=CC=CC=C3,Shikimates and Phenylpropanoids
26429,1,0,C1=CC=C(C=C1)CC(COC(=O)C(CC2=CC=CC=C2)NC(=O)C3=CC=CC=C3)NC(=O)C4=CC=CC=C4,Amino acids and Peptides
26473,0,1,CC1CCCC(C1OC2C(C(C(C(O2)C)O)O)O)OC3C(C(C(C(O3)CO)O)OC(CCO)C(=O)N(C)C)NC(=O)OC,Carbohydrates
26548,1,0,C1=CC=C(C=C1)CC(COC(=O)C(CC2=CC=CC=C2)NC(=O)C3=CC=CC=C3)NC(=O)C4=CC=CC=C4,Amino acids and Peptides
26551,1,0,CC12CCC3(C1)C(CC(C4C3(CCCC4(CO)C(=O)O)C)OC(=O)C5=CC=CC=C5)CC2=O,Terpenoids
26579,2,1,CCCCCCCCCCCC(=O)NCC=C,Fatty acids
26749,1,0,CC1=CCCC2=CC(CC(=CC3C(CC1)C(=C)C(=O)O3)C)OC2=O,Terpenoids
26771,1,0,CC12CCC3(C1)C(CC(C4C3(CCCC4(CO)C(=O)O)C)OC(=O)C5=CC=CC=C5)CC2=O,Terpenoids
26896,1,0,CC1CC2C(C2(C)C)C3C=C(C(C4(C1(C3=O)C=C(C4OC(=O)C5=CC=CC=C5)C)O)O)COC(=O)C6=CC(C(C=C6)O)O,Terpenoids
26928,1,0,CC1=CCCC2=CC(CC(=CC3C(CC1)C(=C)C(=O)O3)C)OC2=O,Terpenoids
26936,1,0,C1=CC=C(C=C1)CC2(C(C(C(C(C2O)OCC3=CC=CC=C3)O)OCC4=CC=CC=C4)O)O,Terpenoids
26976,2,2,CCCCCCCCCC(=O)NCC,Fatty acids
2698,0,1,CC(=O)OC1COC(=CC1OC(=O)C)C(=O)OC,Shikimates and Phenylpropanoids
2699,0,1,CC1(C2C(OC=C(C2(C(C1O)O)O)C(=O)OC)OC3C(C(C(C(O3)CO)O)O)O)O,Terpenoids
27078,1,0,CC(C)C1=CC2=C(C3=CC(=O)CC(C3(C=C2)C)(C)C)C(=O)C1=O,Terpenoids
27084,1,0,CC1CC2C(C2(C)C)C3C=C(C(C4(C1(C3=O)C(=C(C4OC(=O)C5=CC=CC=C5)C)O)O)O)COC(=O)C6=CC=CC=C6,Terpenoids
27097,1,0,C1=CC=C(C=C1)CC2(C(C(C(C(C2O)OCC3=CC=CC=C3)O)OCC4=CC=CC=C4)O)O,Terpenoids
27253,1,0,CC1=CCCC2=CC(CC(=CC3C(CC1)C(=C)C(=O)O3)C)OC2=O,Terpenoids
27254,1,0,CC1=CCCC2=CC(CC(=CC3C(CC1)C(=C)C(=O)O3)C)OC2=O,Terpenoids
27255,1,0,CC1=C2C(C(=O)C3(CCC4C(C3C(C(C2(C)C)(CC1O)O)OC(=O)C5=CC=CC=C5)(CO4)O)C)O,Terpenoids
27256,1,0,CC1=C2C(C(=O)C3(CCC4C(C3C(C(C2(C)C)(CC1O)O)OC(=O)C5=CC=CC=C5)(CO4)O)C)O,Terpenoids
27257,1,0,CC1CC2C(C2(C)C)C3C=C(C(C4(C1(C3=O)C(=C(C4OC(=O)C5=CC=CC=C5)C)O)O)O)COC(=O)C6=CC=CC=C6,Terpenoids
2726,0,2,NA,Carbohydrates
27280,1,0,CC(=O)OC1CC2C(C(=O)C(=CC2(C3C1(C(=O)C(CC3OC(=O)C4=CC=CC=C4)(C)C=C)O)C)O)(C)C,Terpenoids
27338,5,5,CCCCCCCCCCCCCCCNCCCC,Fatty acids
27344,1,0,CC1=CCCC2=CC(CC(=CC3C(CC1)C(=C)C(=O)O3)C)OC2=O,Terpenoids
27352,1,0,C#CCC(C(=O)O)NC(=O)C(CSSCC(C(=O)NC(CC#C)C(=O)O)NC(=O)CCCC(C(=O)O)N)NC(=O)CCCC(C(=O)O)N,Amino acids and Peptides
27364,1,0,CC1=C2C(C(=O)C3(CCC4C(C3C(C(C2(C)C)(CC1O)O)OC(=O)C5=CC=CC=C5)(CO4)O)C)O,Terpenoids
27371,1,0,CC(=CC=CC=C(C)C=CC=C(C)C(=O)O)C=CC=C(C)C(=O)O,Terpenoids
27375,1,0,CC1=C2C(C(=O)C3(CCC4C(C3C(C(C2(C)C)(CC1O)O)OC(=O)C5=CC=CC=C5)(CO4)O)C)O,Terpenoids
27377,1,0,CC(=O)OCC12C(CCCC13CO3)C(C(C(C2OC(=O)C4=CC=CC=C4)OC(=O)C5=CC=CC=C5)(C)O)(C)CCC6=CC(=O)OC6,Terpenoids
27386,1,0,CC(=O)OC1C(C(C2CC(C3(C(C2(C1OC(=O)C4=CC=CC=C4)C)C(=O)CC(C3=O)(C)C=C)O)O)(C)C)OC(=O)C5=CC=CC=C5,Terpenoids
27389,0,2,CC1=CC2=C(C=C1)C(=O)OC2=O,Polyketides
27393,1,0,CCCCCCCCCCCCCCCCCCNC,Fatty acids
27415,1,1,CC=C1CCC2C(C=C(C(CC1O)O)C)OC(=O)C2=C,Terpenoids
27454,1,0,CC(=O)OC1CC2C(C(=O)C(=CC2(C3C1(C(=O)C(CC3OC(=O)C4=CC=CC=C4)(C)C=C)O)C)O)(C)C,Terpenoids
27470,1,2,CC1(CCC2C(=C1)C(=O)CC3C2(CCCC3(C)C(=O)O)C)C=C,Terpenoids
27476,1,0,CCC=C(C)C(=O)OC1C=C(CC2C=C(CC3C1C(=C)C(=C)O3)C(=O)O2)C,Terpenoids
27497,1,0,CC(=O)NC1C(C(C(OC1OCC2=CC=CC=C2)COCC3=CC=CC=C3)OCC4=CC=CC=C4)OCC(COC(=O)C)OC(=O)C,Terpenoids
27627,0,1,CCCCCCCCNCCCCCCCCCCO,Fatty acids
2772,1,0,C[N+]1=CC=CC(=C1)C(=O)O,Alkaloids
27737,1,0,CC1=CCC(C2C1(C(C(C3(C2(CCC4(O3)CC(=O)OC4)C)C)O)OC(=O)C5=CC=CC=C5)C)OC(=O)C6=CC=CC=C6,Terpenoids
27804,1,0,CC(C)C1=C(C(=C2C(=C1)C3CC4C2(CCCC4(C)C)C(=O)O3)O)O,Terpenoids
27846,1,1,CC12CCCC(C1CCC(=C)C2CCC3=COC=C3)(C)C(=O)O,Terpenoids
2788,0,1,COC(=O)C1=COC(C2C1C(C=C2CO)O)O,Terpenoids
279,0,1,CC=C1C(=CC(=O)O1)OC,Polyketides
27910,3,2,CC(C)C(C(C)(C)COC(=O)C(C)C)OC(=O)C(C)C,Fatty acids
27921,1,0,CC1=CCC(C2C1(C(C(C3(C2(CCC4(O3)CC(=O)OC4)C)C)O)OC(=O)C5=CC=CC=C5)C)OC(=O)C6=CC=CC=C6,Terpenoids
2793,1,0,C1=COC(C2C1C(C=C2CO)O)OC3C(C(C(C(O3)CO)O)O)O,Terpenoids
28037,0,1,CCCCCC(C=CC=CCCCCCCCC(=O)O)O,Fatty acids
2808,0,1,COC1=C(C=C(C(=C1)C(=O)O)C(=O)OC)OC,Polyketides
28104,0,1,CCCCCCCCC=CCCCCCCC(=O)N,Fatty acids
28121,1,1,CC12CCC3(C1)C(CC(C4C3(CCCC4(C)C(=O)O)C)OC(=O)C5=CC=CC=C5)CC2=O,Terpenoids
28147,1,0,CC1=C(C(CCC1)(C)C)C=CC(=CC#CC(=CC(=O)O)C)C,Terpenoids
28235,2,2,CCCCCCCCCCCCCCCCCCCCCN,Fatty acids
28247,0,1,CCCCCCCCCCCCSC(CCCC)C#CC(=O)C,Fatty acids
28277,0,1,CC12CCCC(C1CCC3=CC(CCC23)(CO)C=C)(C)C(=O)O,Terpenoids
2834,0,1,CC(=O)OC1COC(=CC1OC(=O)C)C(=O)OC,Shikimates and Phenylpropanoids
28438,1,0,CCCCCCCCCCCCCCCCCC(=O)NCCCN(C)C,Fatty acids
28462,1,0,COC1=CC=C(C=C1)N=NC2C(=C(C(=C2N=NC3=CC=C(C=C3)OC)N=NC4=CC=C(C=C4)OC)N=NC5=CC=C(C=C5)OC)N=NC6=CC=C(C=C6)OC,Terpenoids
28582,3,3,CCCCCCC1C(O1)CCCCCCCCCC(=O)OC,Fatty acids
28608,0,1,CC(=CCO)CCC1C(=C)CCC2C1(CCCC2(C)C=O)C,Terpenoids
28618,4,5,CCCCCCCCC=CCCCCCCCCCC(=O)NCCO,Fatty acids
28695,4,1,CCCCCCCCC(CCCCCCCCCCC(=O)NCCO)O,Fatty acids
28737,3,2,CCCCCCCCCCCCCC(=O)N,Fatty acids
2878,0,1,C(C1C(C(C(C(O1)O)O)OC2C(C(C(C(O2)CO)O)O)O)O)O,Carbohydrates
2904,1,0,C1=COC(C2C1C(C=C2CO)O)OC3C(C(C(C(O3)CO)O)O)O,Terpenoids
2910,0,1,NA,Amino acids and Peptides
29159,0,2,COC1=CC=C(C=C1)C=CC(=O)O,Shikimates and Phenylpropanoids
2920,0,1,CC1(C2C(C(C1O)O)C(=COC2O)C(=O)OC)O,Terpenoids
29283,1,0,COC1=CC=C(C=C1)C=CC(=O)O,Shikimates and Phenylpropanoids
2931,0,1,COC(=O)C1=COC(C2C1C(C(C2CO)O)O)OC3C(C(C(C(O3)CO)O)O)O,Terpenoids
29335,2,1,CC(=O)NCCNCCNCCNCCNCCN,Fatty acids
29351,4,7,CCCCCCCCC=CCCCCCCCCCC(=O)NCCO,Alkaloids
29353,5,7,CCCCCCCCC=CCCCCCCCCCC(=O)NCCO,Fatty acids
29395,1,1,CCCCC=CCC=CCCCCCCCC(=O)OCC(CO)O,Fatty acids
29403,3,2,CCCCCCCCCCCCCC[N+](C)(C)CCCCCCCCC,Fatty acids
29431,2,0,CC1=CC=C(C=C1)C(=O)CC(=O)CC(=O)C2=CC=C(C=C2)OC,Shikimates and Phenylpropanoids
29458,2,3,CC(C)(C)C1=CC=C(C=C1)C(=O)CC(=O)C2=CC=C(C=C2)OC,Shikimates and Phenylpropanoids
29518,0,1,CCCCC(C)C1CCC2C1(CCC3C2CCC4C3(CCC(C4)O)C)C,Terpenoids
29544,0,2,NA,Fatty acids
29640,3,4,CC(C)(C)C1=CC=C(C=C1)C(=O)CC(=O)C2=CC=C(C=C2)OC,Shikimates and Phenylpropanoids
29675,1,0,CCCCCCCCCCCCCCCCCCCCCCC(CO)NCCO,Fatty acids
29747,0,1,CCCCC(C)C1CCC2C1(CCC3C2CCC4C3(CCC(C4)O)C)C,Terpenoids
29777,1,4,[CH]CCCCCC(CCCCCCCCCCC(=O)O)O,Fatty acids
29861,1,1,COC(C(CO)O)C(C(C(=O)NCCCCNC(=O)CS)O)O,Amino acids and Peptides
29869,1,0,CCCCCCCCCCCCCCCCCCCCCCC(CO)NCCO,Fatty acids
29882,0,2,CCCCCCCCCCCCSCCCCCCCCCC,Fatty acids
29952,2,2,CCCCCC=CCC=CCCCCCCCCCCCC(=O)N,Fatty acids
29988,0,1,CCCCCCCCCCCCCCCCCC(=O)OCC(CO)OC(=O)CCC=CCC=CCC=CCC=CCC=CCC=CCC,Fatty acids
30022,3,4,C(C1C(C(C(C(O1)O)O)OC2C(C(C(C(O2)CO)O)O)O)O)O,Carbohydrates
3003,0,1,NA,Amino acids and Peptides
30079,1,1,CCCCCCCCCC=CCCCCCCC(=O)OCC(CO)O,Fatty acids
30094,2,2,CCCCCCCCCCCCCCCC(=O)OCC(CO)O,Fatty acids
301,1,1,CCOOOOCOOOOCOOOC,Carbohydrates
30100,0,1,CCCCCCCCCCCCCCCC(=O)N,Fatty acids
30177,4,2,C(C1C(C(C(C(O1)O)O)OC2C(C(C(C(O2)CO)O)O)O)O)O,Carbohydrates
30254,0,1,CCCC(CC(CC(CC(C)O)O)O)O,Fatty acids
3034,0,1,CC1(C(CC2(C1C(OC=C2C(=O)OC)O)O)O)O,Terpenoids
3036,0,1,COC(=O)C1=COC(C2C1C(C(C2CO)O)O)OC3C(C(C(C(O3)CO)O)O)O,Terpenoids
3041,0,1,COC(=O)C1=COC(C2C1C(C=C2CO)O)O,Terpenoids
30538,1,2,CC(C)CC1=NN(C(=C1)C(=O)N2CCCCC2C3=CN=CC=C3)C,Alkaloids
30604,2,4,C(C1C(C(C(C(O1)O)O)OC2C(C(C(C(O2)CO)O)O)O)O)O,Carbohydrates
30639,1,2,CCCCCCCCCCCCCCCCCCCCSCC,Fatty acids
30658,0,1,CCCCCCCCCCCCCCCCCC(=O)N,Fatty acids
30710,1,3,C(C1C(C(C(C(O1)OC2C(C(C(C(O2)CO)O)O)O)O)O)O)O,Carbohydrates
30716,1,1,CCCCC(CC)COC(=O)CCCCC(=O)OCC(CC)CCCC,Fatty acids
30763,0,1,C(C1C(C(C(C(O1)O)O)OC2C(C(C(C(O2)CO)O)O)O)O)O,Carbohydrates
30822,1,1,CCCCCCCCCCCCCCC=CCCCCC(=O)N,Fatty acids
31021,3,2,C(CCCCCCON)CCCCCOCCOCCOCCOCCON,Fatty acids
31066,1,1,C(C1C(C(C(C(O1)OC2C(C(C(C(O2)CO)O)O)O)O)O)O)O,Carbohydrates
31090,2,2,CCCCCCCCCCCSCCCCCCCCCCC,Fatty acids
31118,1,2,CCCCCCCCCCCCCC=CCCCCCCCC(=O)N,Fatty acids
3119,0,1,COC1=NC(=C(C=C1)C(=O)OC)CC(=O)OC,Alkaloids
31507,1,0,CCCCCCCCCCC(C1CCC(O1)C2CCC(O2)C(CCCCCCCCCCC(CC(=CC(C)O)C(=O)O)O)O)O,Terpenoids
31583,1,0,C=CCCCCCCCC(=O)OCC(COC(=O)CCCCCCCC=C)OC(=O)CCCCCCCC=C,Fatty acids
31655,1,0,COC1C(C(C(C(C1O)O)O)O)O,Carbohydrates
31667,2,0,CC(C)C1=C(C(=C2C(=C1)CCC3C2(CCCC3(C)C)C(=O)O)O)O,Terpenoids
31895,1,0,CCCN(CCC)S(=O)(=O)C1=CC=C(C=C1)C(=O)NCCCC(=O)O,Amino acids and Peptides
31974,0,1,CP(C)OSP(C)C,Fatty acids
3199,1,0,C1=CC=C(C=C1)CC(C(=O)O)NC(=O)C(CCC(=O)O)N,Amino acids and Peptides
32058,0,1,CCCCCCCCC=CCCCCCCCC(=O)OCC(CO)OC(=O)CCCCCCCC=CCC=CCCC,Fatty acids
32121,1,0,CCCCCCCCCCCCCCCCCCSCCCC,Fatty acids
32168,1,0,CCCCCCCCCCCCCCCC(=O)OC(COC(=O)CCCCCCCC=CCC=CCCCCC)COP(=O)(O)OCC(CO)O,Fatty acids
32284,0,1,CCC(C(=O)O)NCC(=O)O,Amino acids and Peptides
32303,0,1,CCCCCCCCC=CCCCCCCCCCC(=O)OCC(CO)OC(=O)CCCCCCCC=CCCCC,Fatty acids
32364,2,0,CCOC(=O)C(CC1=CCCCC1)(CC2=[C+]CCCC2)C(=O)OCC,Terpenoids
32441,3,3,CCCCCCCCCCCCCCCCCCC(=O)OC(CO)COC(=O)CCCCCCCCCCCC,Fatty acids
3246,0,1,COC1=CC=CC2=C1OC(=C2)C=O,Shikimates and Phenylpropanoids
32510,2,2,CCCCCCCCCCCCCNC(=O)CCCCCCCCC(=O)NCCCCCCCCCCCCC,Fatty acids
3347,1,0,C(C(C(=O)O)NC(C(=O)O)C(=O)O)NC(C(=O)O)C(=O)O,Carbohydrates
3358,0,1,CC1(CC(C2C1C(OC=C2C(=O)OC)O)O)O,Terpenoids
3371,0,1,COC(=O)C1=COC(C2C1CC=C2CO)O,Terpenoids
339,1,0,CCCP(=O)(CCCN)O,Amino acids and Peptides
3392,0,1,NA,Carbohydrates
3439,0,1,COC(=O)C1CC(C(C1)C(=O)OC)C(=O)OC,Terpenoids
3442,0,1,COC(=O)C1=COC(C2C1CC=C2CO)O,Terpenoids
3462,1,0,C1=CC=C(C=C1)CC(C(=O)O)NC(=O)C(CCC(=O)O)N,Amino acids and Peptides
351,1,0,CCCNC(=O)C(C)NC(=O)NC(CCC(=O)O)C(=O)O,Amino acids and Peptides
356,1,2,C1CC(=O)NC1C(=O)O,Amino acids and Peptides
3598,0,1,COC1=CC(=CC(=C1O)OC)C=CC(=O)O,Shikimates and Phenylpropanoids
3599,0,1,COC1=CC(=CC(=C1O)OC)C=CC(=O)O,Shikimates and Phenylpropanoids
3639,0,1,COC1=CC2=C(C=C1)OC(=C2)C=O,Shikimates and Phenylpropanoids
3644,0,1,COC(=O)C1CC(C(C1)C(=O)OC)C(=O)OC,Terpenoids
3702,0,1,COC(=O)C=CC1=CC(=C(C=C1)O)O,Shikimates and Phenylpropanoids
3717,0,1,COC1=CC(=CC(=C1O)OC)C=CC(=O)O,Shikimates and Phenylpropanoids
3719,0,1,COC1=CC(=CC(=C1O)OC)C=CC(=O)O,Shikimates and Phenylpropanoids
374,1,3,C1CC(=O)NC1C(=O)O,Amino acids and Peptides
375,8,8,NA,Amino acids and Peptides
3752,0,1,CC1C2C(OC=C(C2(C(C1O)O)O)C(=O)OC)OC3C(C(C(C(O3)CO)O)O)O,Terpenoids
3798,0,1,CSCCC(C(=O)NC(CS)C(=O)O)NC(=O)C(CO)NC(=O)C(CCC(=O)O)N,Amino acids and Peptides
396,1,0,C(CC(=O)O)C(C(=O)O)N,Amino acids and Peptides
411,1,0,CC1C(=O)C(C(C(O1)OCC2C(C(C(C(O2)O)O)OC3C(C(C(C(O3)COC4C(C(C(C(O4)CO)O)O)O)O)O)O)O)O)O,Carbohydrates
4152,0,1,COC(=O)C1=COC(C2C1C(C=C2CO)O)O,Terpenoids
4153,0,1,CC1(C2C(C(C1O)O)C(=COC2OC3C(C(C(C(O3)CO)O)O)O)C(=O)OC)O,Terpenoids
4257,0,1,C(COCCOCCOCCOCCOCCO)O,Fatty acids
4278,0,1,COC(=O)C=CC1=CC(=C(C=C1)O)O,Shikimates and Phenylpropanoids
4330,1,0,CC(CCCC(C)NC(=O)C(CCSC)N)C(=O)O,Amino acids and Peptides
4401,0,1,CN1C=NC2=C1C(=O)N(C(=O)N2C)C,Alkaloids
445,7,9,NA,Carbohydrates
4485,0,1,COC(=O)C1=COC(C2C1CC=C2CO)O,Terpenoids
451,0,1,C[N+]1=CC=CC(=C1)C(=O)O,Alkaloids
456,8,10,C(C1C(C(C(C(O1)OC(CO)C(C(C#CO)O)O)O)O)O)O,Carbohydrates
4577,0,1,COC(=O)C1CC(C(C1)C(=O)OC)C(=O)OC,Terpenoids
4583,0,1,CC1C2C(C(C1O)O)C(=COC2OC3C(C(C(C(O3)CO)O)O)O)C(=O)OC,Terpenoids
4588,0,1,COC1=CC2=C(C=C1)OC(=C2)C=O,Shikimates and Phenylpropanoids
4767,1,2,COC1=C(C=CC(=C1)C=O)O,Shikimates and Phenylpropanoids
478,9,10,CC(C)OC1=NC(=NC(=N1)C([N+](=O)[O-])([N+](=O)[O-])[N+](=O)[O-])OC(C)C,Carbohydrates
4788,0,1,C(C(C(=O)NC(CC(=O)O)C(=O)O)NC(=O)C(CO)N)C(=O)O,Alkaloids
4791,1,0,C1=CC(=CC=C1CCOC2C(C(C(C(O2)CO)O)O)O)O,Shikimates and Phenylpropanoids
4806,1,0,C1=CC=C(C=C1)OCC(=O)NC(CC2=CC=C(C=C2)O)C(=O)O,Amino acids and Peptides
481,9,9,C(C1C(C(C(C(O1)OCC2C(C(C(C(O2)OCC3C4C(C(C(O3)O4)O)O)O)O)O)O)O)O)O,Carbohydrates
4912,0,1,C1=CC(=CC=C1C2=CC(=O)C3=C(C=C(C=C3O2)OC4C(C(C(C(O4)C(=O)O)O)O)OC5C(C(C(C(O5)C(=O)O)O)O)O)O)OC6C(C(C(C(O6)C(=O)O)O)O)O,Shikimates and Phenylpropanoids
4913,0,1,NA,Shikimates and Phenylpropanoids
494,0,7,NA,Carbohydrates
500,7,7,C1(C(C(C2C(C1O)O2)O)O)O,Carbohydrates
5115,0,1,C1=CC(=CC=C1C2=CC(=O)C3=C(C=C(C=C3O2)OC4C(C(C(C(O4)C(=O)O)O)O)OC5C(C(C(C(O5)C(=O)O)O)O)O)O)OC6C(C(C(C(O6)C(=O)O)O)O)O,Shikimates and Phenylpropanoids
524,4,7,NA,Carbohydrates
528,7,10,C(C1C(C(C(C(O1)OC2C(OC(C(C2O)O)OC3(C(C(C(O3)CO)O)O)CO)CO)O)O)O)O,Carbohydrates
5315,0,1,CC1(C2C(C(C1O)O)C(=COC2O)C(=O)OC)O,Terpenoids
5604,0,1,C1=CC=C2C(=C1)C(C(=O)N2)CC(=O)OC3C(C(C(C(O3)CO)O)O)O,Alkaloids
5736,1,0,CCCCOCCCCCC(=O)O,Fatty acids
6018,1,0,NA,Fatty acids
6076,0,1,CC1CC(C2C1C(OC=C2C(=O)OC)OC3C(C(C(C(O3)CO)O)O)O)O,Terpenoids
6145,0,1,CC1CC(C2C1C(OC=C2C(=O)OC)OC3C(C(C(C(O3)CO)O)O)O)O,Terpenoids
615,0,1,NA,Carbohydrates
6151,2,2,CCOCCOC(=O)CC(=O)OCCOCC,Fatty acids
6215,1,1,CC(=CC(=O)O)C=CC1(C2(CC(CC1(OC2)C)O)C)O,Terpenoids
6231,0,1,CC1CC(C2C1C(OC=C2C(=O)OC)OC3C(C(C(C(O3)CO)O)O)O)O,Terpenoids
6346,0,1,CC(C(C(=O)NC(CC(=O)O)C(=O)O)NC(=O)C(CC(=O)O)NC(=O)C(CS)N)O,Amino acids and Peptides
6632,0,1,CCCNCCCCCNCCCCCNC(=O)C,Alkaloids
6773,1,0,CC(=O)OC1(CC(C2(C1C(OC=C2)OC3C(C(C(C(O3)CO)O)O)O)O)O)C,Terpenoids
6925,1,0,CC(C)CC(C(=O)O)NC(=O)C(CC1=CC=CC=C1)N,Amino acids and Peptides
699,0,1,C1=NC2=C(N1)C(=O)N=CN2,Alkaloids
7015,1,0,CC(=O)OC1(CC(C2(C1C(OC=C2)OC3C(C(C(C(O3)CO)O)O)O)O)O)C,Terpenoids
7023,0,1,C1=CC(=CC=C1C=CC(=O)NCCCCNCCCNC(=O)C=CC2=CC=C(C=C2)O)O,Alkaloids
7259,0,1,CC(C(=O)CCCCCC(=O)O)N,Amino acids and Peptides
7261,1,0,CC(C)CC(C(=O)O)NC(=O)C(CC1=CC=CC=C1)N,Amino acids and Peptides
7349,0,1,CC(C(=O)CCCCCC(=O)O)N,Amino acids and Peptides
7497,0,2,C1=CC(=CC=C1C=CC(=O)NCCCCNCCCNC(=O)C=CC2=CC=C(C=C2)O)O,Alkaloids
8063,0,1,C1=CC(=CC=C1C=CC(=O)NCCCCNCCCNC(=O)C=CC2=CC=C(C=C2)O)O,Alkaloids
8191,0,1,C1C(C(C(C(O1)C2=C3C(=C(C(=C2O)C4C(C(C(C(O4)CO)O)O)O)O)C(=O)C=C(O3)C5=CC=C(C=C5)O)O)O)O,Shikimates and Phenylpropanoids
8339,1,0,C1=CC=C(C=C1)CC(C(=O)NC(CC2=CC=CC=C2)C(=O)O)N,Amino acids and Peptides
834,1,0,NA,Amino acids and Peptides
842,1,1,CC(CC(=O)O)(CC(=O)O)O,Fatty acids
8450,1,0,COC1=CC(=C(C=C1)CCC(=O)O)OC2C(C(C(C(O2)CO)O)O)O,Terpenoids
8528,0,1,C1C(C(C(C(O1)C2=C(C(=C3C(=C2O)C(=O)C=C(O3)C4=CC=C(C=C4)O)C5C(C(C(C(O5)CO)O)O)O)O)O)O)O,Shikimates and Phenylpropanoids
860,3,0,C1=CC(=CC=C1C=CC(=O)O)O,Shikimates and Phenylpropanoids
8773,1,0,CC1=CC=C(C=C1)O[CH],Shikimates and Phenylpropanoids
8792,0,1,C1C(C(C(C(O1)C2=C3C(=C(C(=C2O)C4C(C(C(C(O4)CO)O)O)O)O)C(=O)C=C(O3)C5=CC=C(C=C5)O)O)O)O,Shikimates and Phenylpropanoids
8944,0,1,CC1(C(CC2(C1C(OC=C2C(=O)OC)OC3C(C(C(C(O3)CO)O)O)O)O)OC(=O)C=CC4=CC=C(C=C4)O)O,Terpenoids
8956,0,1,C1=CC(=CC=C1C2=CC(=O)C3=C(C=C(C=C3O2)OC4C(C(C(C(O4)C(=O)O)O)O)OC5C(C(C(C(O5)C(=O)O)O)O)O)O)O,Shikimates and Phenylpropanoids
9024,1,0,COC1=CC2=C(C=C1)OC(=C2)C=O,Shikimates and Phenylpropanoids
9161,0,1,CC1(C(CC2(C1C(OC=C2C(=O)OC)OC3C(C(C(C(O3)CO)O)O)O)O)OC(=O)C=CC4=CC=C(C=C4)O)O,Terpenoids
9171,1,0,CC1=CC=C(C=C1)O[CH],Shikimates and Phenylpropanoids
922,1,1,CC(=O)OCC1C(C(C(C(O1)OC2C(C(C(C(O2)CO)O)O)O)O)O)O,Carbohydrates
9221,1,0,CC1=CC(=O)C2C1C(OC=C2C(=O)OC)OC3C(C(C(C(O3)CO)O)O)O,Terpenoids
9269,0,1,C1=CC(=CC=C1C2=CC(=O)C3=C(O2)C(=C(C=C3O)O)C4C(C(C(C(O4)CO)O)O)O)O,Shikimates and Phenylpropanoids
9295,0,1,COC(=O)C1=COC(C2C1C(C(C2COC(=O)C=CC3=CC=C(C=C3)O)O)O)OC4C(C(C(C(O4)CO)O)O)O,Terpenoids
9387,1,0,CC(C)CC(C(=O)NC(CC(=O)O)C(=O)NC(CC(C)C)C(=O)O)N,Amino acids and Peptides
9417,0,1,C1=CC(=CC=C1C2=CC(=O)C3=C(C=C(C=C3O2)OC4C(C(C(C(O4)C(=O)O)O)O)OC5C(C(C(C(O5)C(=O)O)O)O)O)O)O,Shikimates and Phenylpropanoids
9420,0,1,COC1=C(C=CC(=C1)C2C3COC(C3CO2)C4=CC(=C(C=C4O)O)OC)O,Shikimates and Phenylpropanoids
9490,1,1,CCCC1=CC=C(C=C1)OP(=O)(C)NCC,Alkaloids
9541,0,1,C1=CC(=CC=C1C2=CC(=O)C3=C(C=C(C=C3O2)OC4C(C(C(C(O4)C(=O)O)O)O)O)O)OC5C(C(C(C(O5)C(=O)O)O)O)O,Shikimates and Phenylpropanoids
966,1,0,C1=NC(=C2C(=N1)N(C=N2)C3C(C(C(O3)CO)O)O)N,Carbohydrates
9693,1,0,C1=C(C=C(C(=C1O)O)O)C2=C(C(=O)C3=C(C=C(C=C3O2)O)O)O,Shikimates and Phenylpropanoids
9710,1,0,CC1C(C(C(C(O1)OC2=C(OC3=CC(=CC(=C3C2=O)O)O)C4=CC(=C(C(=C4)O)O)O)O)O)O,Shikimates and Phenylpropanoids
9937,1,1,CCN(CC)P(=O)(C1=CC=CC=C1)OCC,Shikimates and Phenylpropanoids
9955,0,1,C1=CC(=CC=C1C2=CC(=O)C3=C(C=C(C=C3O2)OC4C(C(C(C(O4)C(=O)O)O)O)O)O)OC5C(C(C(C(O5)CO)O)O)O,Shikimates and Phenylpropanoids